 <toolScript name="Blue Taper MasonblueValve"
             description="Tool:   10cc syringe of MasonblueValve with a blue taper tip"
             printer="Fab@Home Model 2 Valve">

  <settings>
    <!-- Settings that are not per-tool -->
    <printAcceleration text="Print Acceleration" units="mm/s^2">100</printAcceleration>
  </settings>

   <!-- Expose settings for the first tool -->
   <tool name="Blue Taper MasonblueValve" material="blueValve" scriptVariable="blueValve">
     <settings>
       <sliceHeight text="Slice Height" units="mm">0.4</sliceHeight>
       <!--Top speed in millimeters/second for this tool during execution of path.-->
         <pathSpeed text="Path Speed" units="mm/s">40</pathSpeed>
       <!--Width of the path in millimeters.-->
         <pathWidth text="Path Width" units="mm">0.4</pathWidth>
       <!--(millimeters of plunger motion)/(millimeters tool travel) along deposition path.-->
         <depositionRate text="DepositionRate" units="mm/mm">0.00</depositionRate>
       <!--Seconds of early dispensing to start flow quickly.-->
         <pushout text="Pushout" units="seconds">0.06</pushout>
       <!--Seconds reverse plunger motion to stop flow quickly.-->
         <suckback text="Suckback" units="seconds">0.06</suckback>
       <!--Seconds to delay suckback by.-->
         <suckbackDelay text="Suckback Delay" units="seconds">0</suckbackDelay>
       <!--Millimeters of clearance between tip and last layer when traversing.-->
         <clearance text="Clearance" units="mm">1</clearance>
       <!--Number of paths after which to trigger an automatic pause.-->
         <pausePaths text="Pause after # Paths" units="# of paths">300</pausePaths>
       <!--no comment-->
         <pitch text="Pitch" units="?">0.000397</pitch>
     </settings>
   </tool>

  <printScript>
  <![CDATA[

progress.setSteps(blueValve.meshes.length*2 + 4);

slicer.setSliceHeight(blueValve.sliceHeight);
pather.set("PathWidth", blueValve.pathWidth);
for (var i = 0; i < blueValve.meshes.length; ++i) {
  progress.log("Slicing blueValve Mesh");
  slicer.doSlicing(blueValve.meshes[i]);
  progress.step();
  progress.log("Pathing blueValve Mesh");
  pather.doPathing(blueValve.meshes[i]);
  progress.step();
}

var blueValveMaterialCalibration = {
  pathSpeed: blueValve.pathSpeed,
  depositionRate: blueValve.depositionRate,
  pathWidth: blueValve.pathWidth,
  depositionRate: blueValve.depositionRate,
  pushout: blueValve.pushout,
  suckback: blueValve.suckback,
  suckbackDelay: blueValve.suckbackDelay,
  clearance: blueValve.clearance,
  pausePaths: blueValve.pausePaths,
  pitch: blueValve.pitch
};

var fabWriter = fabFile.fabAtHomeModel2Writer();

fabWriter.addMeshes("blueValve", blueValveMaterialCalibration, blueValve.meshes);
progress.step();

fabWriter.sortBottomUp();
fabWriter.setPrintAcceleration(printAcceleration);

progress.step();
fabWriter.print();

progress.finish();

  ]]>
  </printScript>
</toolScript>
