 <toolScript name="Green Taper, Cheese"
             description="Tool:   10cc syringe of clear vCheese with a green taper tip"
             printer="Fab@Home Model 2 Valve">

  <settings>
    <!-- Settings that are not per-tool -->
    <printAcceleration text="Print Acceleration" units="mm/s^2">100</printAcceleration>
  </settings>

   <!-- Expose settings for the first tool -->
   <tool name="Green Taper vCheese" material="vCheese" scriptVariable="vCheese">
     <settings>
       <sliceHeight text="Slice Height" units="mm">0.7</sliceHeight>
       <!--Top speed in millimeters/second for this tool during execution of path.-->
         <pathSpeed text="Path Speed" units="mm/s">30</pathSpeed>
       <!--Width of the path in millimeters.-->
         <pathWidth text="Path Width" units="mm">0.8</pathWidth>
       <!--(millimeters of plunger motion)/(millimeters tool travel) along deposition path.-->
         <depositionRate text="DepositionRate" units="mm/mm">0.00</depositionRate>
       <!--Seconds of early dispensing to start flow quickly.-->
         <pushout text="Pushout" units="seconds">0.06</pushout>
       <!--Seconds reverse plunger motion to stop flow quickly.-->
         <suckback text="Suckback" units="seconds">0.06</suckback>
       <!--Seconds to delay suckback by.-->
         <suckbackDelay text="Suckback Delay" units="seconds">0</suckbackDelay>
       <!--Millimeters of clearance between tip and last layer when traversing.-->
         <clearance text="Clearance" units="mm">10</clearance>
       <!--Number of paths after which to trigger an automatic pause.-->
         <pausePaths text="Pause after # Paths" units="# of paths">300</pausePaths>
       <!--no comment-->
         <pitch text="Pitch" units="?">0.000397</pitch>
     </settings>
   </tool>

  <printScript>
  <![CDATA[

progress.setSteps(vCheese.meshes.length*2 + 3);

slicer.setSliceHeight(vCheese.sliceHeight);
pather.set("PathWidth", vCheese.pathWidth);
for (var i = 0; i < vCheese.meshes.length; ++i) {
  progress.log("Slicing vCheese Mesh");
  slicer.doSlicing(vCheese.meshes[i]);
  progress.step();
  progress.log("Pathing vCheese Mesh");
  pather.doPathing(vCheese.meshes[i]);
  progress.step();
}

var vCheeseMaterialCalibration = {
  pathSpeed: vCheese.pathSpeed,
  depositionRate: 0.0,
  pathWidth: vCheese.pathWidth,
  depositionRate: vCheese.depositionRate,
  pushout: vCheese.pushout,
  suckback: vCheese.suckback,
  suckbackDelay: vCheese.suckbackDelay,
  clearance: vCheese.clearance,
  pausePaths: vCheese.pausePaths,
  pitch: vCheese.pitch
};

var fabWriter = fabFile.fabAtHomeModel2Writer();

fabWriter.addMeshes("vCheese", vCheeseMaterialCalibration, vCheese.meshes);
progress.step();

fabWriter.sortBottomUp();
fabWriter.setPrintAcceleration(printAcceleration);

progress.step();
fabWriter.print();

progress.finish();

  ]]>
  </printScript>
</toolScript>
