 <toolScript name="Green Taper, Clear Cheese"
             description="Tool:   10cc syringe of clear Cheese with a green taper tip"
             printer="Fab@Home Model 2">

  <settings>
    <!-- Settings that are not per-tool -->
    <printAcceleration text="Print Acceleration" units="mm/s^2">100</printAcceleration>
  </settings>

   <!-- Expose settings for the first tool -->
   <tool name="Green Taper Cheese" material="Cheese" scriptVariable="Cheese">
     <settings>
       <sliceHeight text="Slice Height" units="mm">0.7</sliceHeight>
       <!--Top speed in millimeters/second for this tool during execution of path.-->
         <pathSpeed text="Path Speed" units="mm/s">30</pathSpeed>
       <!--Width of the path in millimeters.-->
         <pathWidth text="Path Width" units="mm">0.8</pathWidth>
       <!--(millimeters of plunger motion)/(millimeters tool travel) along deposition path.-->
         <depositionRate text="DepositionRate" units="mm/mm">0.004</depositionRate>
       <!--Seconds of early dispensing to start flow quickly.-->
         <pushout text="Pushout" units="seconds">0.25</pushout>
       <!--Seconds reverse plunger motion to stop flow quickly.-->
         <suckback text="Suckback" units="seconds">0.25</suckback>
       <!--Seconds to delay suckback by.-->
         <suckbackDelay text="Suckback Delay" units="seconds">0</suckbackDelay>
       <!--Millimeters of clearance between tip and last layer when traversing.-->
         <clearance text="Clearance" units="mm">10</clearance>
       <!--Number of paths after which to trigger an automatic pause.-->
         <pausePaths text="Pause after # Paths" units="# of paths">300</pausePaths>
       <!--no comment-->
         <pitch text="Pitch" units="?">0.000397</pitch>
     </settings>
   </tool>

  <printScript>
  <![CDATA[

progress.setSteps(Cheese.meshes.length*2 + 3);

slicer.setSliceHeight(Cheese.sliceHeight);
pather.set("PathWidth", Cheese.pathWidth);
for (var i = 0; i < Cheese.meshes.length; ++i) {
  progress.log("Slicing Cheese Mesh");
  slicer.doSlicing(Cheese.meshes[i]);
  progress.step();
  progress.log("Pathing Cheese Mesh");
  pather.doPathing(Cheese.meshes[i]);
  progress.step();
}

var CheeseMaterialCalibration = {
  pathSpeed: Cheese.pathSpeed,
  depositionRate: Cheese.depositionRate,
  pathWidth: Cheese.pathWidth,
  depositionRate: Cheese.depositionRate,
  pushout: Cheese.pushout,
  suckback: Cheese.suckback,
  suckbackDelay: Cheese.suckbackDelay,
  clearance: Cheese.clearance,
  pausePaths: Cheese.pausePaths,
  pitch: Cheese.pitch
};

var fabWriter = fabFile.fabAtHomeModel2Writer();

fabWriter.addMeshes("Cheese", CheeseMaterialCalibration, Cheese.meshes);
progress.step();

fabWriter.sortBottomUp();
fabWriter.setPrintAcceleration(printAcceleration);

progress.step();
fabWriter.print();

progress.finish();

  ]]>
  </printScript>
</toolScript>
