 <toolScript name="Pen drawing"
             description="drawing"
             printer="Fab@Home Model 2 Pen drawing tool">

  <settings>
    <!-- Settings that are not per-tool -->
    <printAcceleration text="Print Acceleration" units="mm/s^2">100</printAcceleration>
  </settings>

   <!-- Expose settings for the first tool -->
   <tool name="Pen" material="Pen" scriptVariable="Pen">
     <settings>
       <sliceHeight text="Slice Height" units="mm">0.1</sliceHeight>
       <!--Top speed in millimeters/second for this tool during execution of path.-->
         <pathSpeed text="Path Speed" units="mm/s">50</pathSpeed>
       <!--Width of the path in millimeters.-->
         <pathWidth text="Path Width" units="mm">0.1</pathWidth>
       <!--(millimeters of plunger motion)/(millimeters tool travel) along deposition path.-->
         <depositionRate text="DepositionRate" units="mm/mm">0.0</depositionRate>
       <!--Seconds of early dispensing to start flow quickly.-->
         <pushout text="Pushout" units="seconds">0.0</pushout>
       <!--Seconds reverse plunger motion to stop flow quickly.-->
         <suckback text="Suckback" units="seconds">0.0</suckback>
       <!--Seconds to delay suckback by.-->
         <suckbackDelay text="Suckback Delay" units="seconds">0</suckbackDelay>
       <!--Millimeters of clearance between tip and last layer when traversing.-->
         <clearance text="Clearance" units="mm">10</clearance>
       <!--Number of paths after which to trigger an automatic pause.-->
         <pausePaths text="Pause after # Paths" units="# of paths">300</pausePaths>
       <!--no comment-->
         <pitch text="Pitch" units="?">0.000397</pitch>
     </settings>
   </tool>

  <printScript>
  <![CDATA[

progress.setSteps(Pen.meshes.length*2 + 3);

slicer.setSliceHeight(Pen.sliceHeight);
pather.set("PathWidth", Pen.pathWidth);
pather.set("density",0.25);
for (var i = 0; i < Pen.meshes.length; ++i) {
  progress.log("Slicing Pen Mesh");
  var slice_stack = slicer.doSlicing(Pen.meshes[i]);
  var slices = slice_stack.getSlices(0,1);
  progress.step();
  progress.log("Pathing Pen Mesh");
  pather.doPathing(Pen.meshes[i],slices);
  progress.step();
}

var PenMaterialCalibration = {
  pathSpeed: Pen.pathSpeed,
  depositionRate: Pen.depositionRate,
  pathWidth: Pen.pathWidth,
  pathHeight:Pen.sliceHeight,
  pushout: Pen.pushout,
  suckback: Pen.suckback,
  suckbackDelay: Pen.suckbackDelay,
  clearance: Pen.clearance,
  pausePaths: Pen.pausePaths,
  pitch: Pen.pitch
};

var fabWriter = fabFile.fabAtHomeModel2Writer();

fabWriter.addMeshes("Pen", PenMaterialCalibration, Pen.meshes);
progress.step();

//fabWriter.sortBottomUp();
fabWriter.setPrintAcceleration(printAcceleration);

progress.step();
fabWriter.print();

progress.finish();

  ]]>
  </printScript>
</toolScript>
